request_host: Descending,request_method: Descending,client_ip: Descending,Count
piaggiosapa.vn,GET,203.205.9.105,58580
piaggiosapa.vn,GET,203.205.9.105,655432
piaggiosapa.vn,GET,203.127.235.38,207
piaggiosapa.vn,GET,14.228.125.1,119
piaggiosapa.vn,GET,87.255.200.108,114
piaggiosapa.vn,GET,115.74.246.138,102
piaggiosapa.vn,GET,118.70.151.55,100
piaggiosapa.vn,GET,113.160.37.152,98
piaggiosapa.vn,GET,91.238.105.56,87
piaggiosapa.vn,GET,113.176.118.150,86
piaggiosapa.vn,GET,185.220.101.150,77
phutunghondathanglong.vn,GET,1.53.192.80,106
thoitrangminhminh.com,GET,171.253.178.83,87
noithatmocthinh.com.vn,GET,125.212.175.59,60
trungnienlady.vn,GET,125.212.175.59,49
premi3r.vn,GET,115.79.58.49,31
premi3r.vn,GET,118.69.244.46,7
premi3r.vn,GET,115.76.98.60,4
hpliving.vn,GET,125.212.175.59,37
ygshop.vn,GET,125.212.175.59,34
biznoithat.com,GET,125.212.175.59,32
memoryzone.com.vn,GET,125.212.175.59,31
